1490993843005660000,1368,1096,camera,camera/1490993843005657268.jpg
1490993843047370000,1368,1096,camera,camera/1490993843047365255.jpg
1490993843089010000,1368,1096,camera,camera/1490993843089008597.jpg
1490993843130780000,1368,1096,camera,camera/1490993843130777374.jpg
1490993843172370000,1368,1096,camera,camera/1490993843172370397.jpg
1490993843214040000,1368,1096,camera,camera/1490993843214038717.jpg
1490993843255640000,1368,1096,camera,camera/1490993843255637142.jpg
1490993843297330000,1368,1096,camera,camera/1490993843297329761.jpg
1490993843338990000,1368,1096,camera,camera/1490993843338986862.jpg
1490993843380720000,1368,1096,camera,camera/1490993843380721967.jpg
1490993843422370000,1368,1096,camera,camera/1490993843422373648.jpg
1490993843463990000,1368,1096,camera,camera/1490993843463987260.jpg
1490993843505720000,1368,1096,camera,camera/1490993843505715664.jpg
1490993843547320000,1368,1096,camera,camera/1490993843547321657.jpg
1490993843589020000,1368,1096,camera,camera/1490993843589021019.jpg
1490993843630660000,1368,1096,camera,camera/1490993843630663051.jpg
1490993843672310000,1368,1096,camera,camera/1490993843672308410.jpg
1490993843713990000,1368,1096,camera,camera/1490993843713986258.jpg
1490993843755660000,1368,1096,camera,camera/1490993843755655958.jpg
1490993843797380000,1368,1096,camera,camera/1490993843797378694.jpg
1490993843838960000,1368,1096,camera,camera/1490993843838954917.jpg
1490993843880690000,1368,1096,camera,camera/1490993843880685429.jpg
1490993843922320000,1368,1096,camera,camera/1490993843922322677.jpg
1490993843964100000,1368,1096,camera,camera/1490993843964098795.jpg
1490993844005700000,1368,1096,camera,camera/1490993844005700586.jpg
1490993844047420000,1368,1096,camera,camera/1490993844047420013.jpg
1490993844089040000,1368,1096,camera,camera/1490993844089040795.jpg
1490993844130630000,1368,1096,camera,camera/1490993844130632045.jpg
1490993844172310000,1368,1096,camera,camera/1490993844172311470.jpg
1490993844214090000,1368,1096,camera,camera/1490993844214089857.jpg
1490993844256090000,1368,1096,camera,camera/1490993844256087277.jpg
1490993844297520000,1368,1096,camera,camera/1490993844297517368.jpg
1490993844339080000,1368,1096,camera,camera/1490993844339081511.jpg
1490993844380690000,1368,1096,camera,camera/1490993844380685778.jpg
1490993844422320000,1368,1096,camera,camera/1490993844422324475.jpg
1490993844464060000,1368,1096,camera,camera/1490993844464063181.jpg
1490993844505640000,1368,1096,camera,camera/1490993844505635650.jpg
1490993844547360000,1368,1096,camera,camera/1490993844547359899.jpg
1490993844589050000,1368,1096,camera,camera/1490993844589047054.jpg
1490993844630660000,1368,1096,camera,camera/1490993844630656192.jpg
1490993844672330000,1368,1096,camera,camera/1490993844672334223.jpg
1490993844714000000,1368,1096,camera,camera/1490993844713998189.jpg
1490993844755770000,1368,1096,camera,camera/1490993844755774217.jpg
1490993844797390000,1368,1096,camera,camera/1490993844797386882.jpg
1490993844839090000,1368,1096,camera,camera/1490993844839087288.jpg
1490993844880680000,1368,1096,camera,camera/1490993844880676409.jpg
1490993844922390000,1368,1096,camera,camera/1490993844922394307.jpg
1490993844964140000,1368,1096,camera,camera/1490993844964136167.jpg
1490993845005640000,1368,1096,camera,camera/1490993845005637647.jpg
1490993845047390000,1368,1096,camera,camera/1490993845047390962.jpg
1490993845089050000,1368,1096,camera,camera/1490993845089047122.jpg
1490993845130690000,1368,1096,camera,camera/1490993845130687993.jpg
1490993845172460000,1368,1096,camera,camera/1490993845172461938.jpg
1490993845213970000,1368,1096,camera,camera/1490993845213974610.jpg
1490993845255720000,1368,1096,camera,camera/1490993845255722138.jpg
1490993845297360000,1368,1096,camera,camera/1490993845297364940.jpg
1490993845338990000,1368,1096,camera,camera/1490993845338989760.jpg
1490993845380700000,1368,1096,camera,camera/1490993845380704755.jpg
1490993845422400000,1368,1096,camera,camera/1490993845422395230.jpg
1490993845464060000,1368,1096,camera,camera/1490993845464062051.jpg
1490993845505630000,1368,1096,camera,camera/1490993845505632853.jpg
1490993845547290000,1368,1096,camera,camera/1490993845547289711.jpg
1490993845589000000,1368,1096,camera,camera/1490993845588997617.jpg
1490993845630670000,1368,1096,camera,camera/1490993845630674238.jpg
1490993845672320000,1368,1096,camera,camera/1490993845672324322.jpg
1490993845713980000,1368,1096,camera,camera/1490993845713974962.jpg
1490993845755620000,1368,1096,camera,camera/1490993845755623576.jpg
1490993845799730000,1368,1096,camera,camera/1490993845799727031.jpg
1490993845839100000,1368,1096,camera,camera/1490993845839097277.jpg
1490993845880690000,1368,1096,camera,camera/1490993845880688172.jpg
1490993845922310000,1368,1096,camera,camera/1490993845922314914.jpg
1490993845963990000,1368,1096,camera,camera/1490993845963988440.jpg
1490993846005660000,1368,1096,camera,camera/1490993846005659399.jpg
1490993846047340000,1368,1096,camera,camera/1490993846047335334.jpg
1490993846089050000,1368,1096,camera,camera/1490993846089053778.jpg
1490993846130670000,1368,1096,camera,camera/1490993846130667952.jpg
1490993846172320000,1368,1096,camera,camera/1490993846172323261.jpg
1490993846214070000,1368,1096,camera,camera/1490993846214073392.jpg
1490993846255700000,1368,1096,camera,camera/1490993846255695100.jpg
1490993846297370000,1368,1096,camera,camera/1490993846297365810.jpg
1490993846339030000,1368,1096,camera,camera/1490993846339026648.jpg
1490993846380630000,1368,1096,camera,camera/1490993846380632721.jpg
1490993846422350000,1368,1096,camera,camera/1490993846422348565.jpg
1490993846464010000,1368,1096,camera,camera/1490993846464008046.jpg
1490993846505670000,1368,1096,camera,camera/1490993846505674926.jpg
1490993846547350000,1368,1096,camera,camera/1490993846547345791.jpg
1490993846588960000,1368,1096,camera,camera/1490993846588957332.jpg
1490993846630650000,1368,1096,camera,camera/1490993846630647974.jpg
1490993846672350000,1368,1096,camera,camera/1490993846672345980.jpg
1490993846714100000,1368,1096,camera,camera/1490993846714102411.jpg
1490993846755740000,1368,1096,camera,camera/1490993846755735780.jpg
1490993846797320000,1368,1096,camera,camera/1490993846797324430.jpg
1490993846839000000,1368,1096,camera,camera/1490993846839002946.jpg
1490993846880670000,1368,1096,camera,camera/1490993846880667054.jpg
1490993846922380000,1368,1096,camera,camera/1490993846922378538.jpg
1490993846963990000,1368,1096,camera,camera/1490993846963985470.jpg
1490993847005670000,1368,1096,camera,camera/1490993847005674354.jpg
1490993847047350000,1368,1096,camera,camera/1490993847047353018.jpg
1490993847088970000,1368,1096,camera,camera/1490993847088971467.jpg
1490993847130720000,1368,1096,camera,camera/1490993847130717891.jpg
1490993847172340000,1368,1096,camera,camera/1490993847172344575.jpg
1490993847213970000,1368,1096,camera,camera/1490993847213968993.jpg
1490993847255700000,1368,1096,camera,camera/1490993847255695990.jpg
1490993847297350000,1368,1096,camera,camera/1490993847297352132.jpg
1490993847339090000,1368,1096,camera,camera/1490993847339091139.jpg
1490993847380720000,1368,1096,camera,camera/1490993847380719227.jpg
1490993847422340000,1368,1096,camera,camera/1490993847422340716.jpg
1490993847464040000,1368,1096,camera,camera/1490993847464042619.jpg
1490993847505710000,1368,1096,camera,camera/1490993847505710781.jpg
1490993847548070000,1368,1096,camera,camera/1490993847548065161.jpg
1490993847589060000,1368,1096,camera,camera/1490993847589056638.jpg
1490993847630630000,1368,1096,camera,camera/1490993847630626185.jpg
1490993847672380000,1368,1096,camera,camera/1490993847672381005.jpg
1490993847714030000,1368,1096,camera,camera/1490993847714029164.jpg
1490993847755690000,1368,1096,camera,camera/1490993847755692873.jpg
1490993847797310000,1368,1096,camera,camera/1490993847797311538.jpg
1490993847838970000,1368,1096,camera,camera/1490993847838974935.jpg
1490993847880660000,1368,1096,camera,camera/1490993847880656961.jpg
1490993847922510000,1368,1096,camera,camera/1490993847922505555.jpg
1490993847964170000,1368,1096,camera,camera/1490993847964165359.jpg
1490993848005710000,1368,1096,camera,camera/1490993848005712215.jpg
1490993848047340000,1368,1096,camera,camera/1490993848047343098.jpg
1490993848089060000,1368,1096,camera,camera/1490993848089063948.jpg
1490993848130720000,1368,1096,camera,camera/1490993848130718986.jpg
1490993848172330000,1368,1096,camera,camera/1490993848172332651.jpg
1490993848214050000,1368,1096,camera,camera/1490993848214051452.jpg
1490993848255700000,1368,1096,camera,camera/1490993848255702350.jpg
1490993848297350000,1368,1096,camera,camera/1490993848297352380.jpg
1490993848339010000,1368,1096,camera,camera/1490993848339006925.jpg
1490993848380790000,1368,1096,camera,camera/1490993848380787625.jpg
1490993848422430000,1368,1096,camera,camera/1490993848422425049.jpg
1490993848463970000,1368,1096,camera,camera/1490993848463970325.jpg
1490993848505730000,1368,1096,camera,camera/1490993848505727414.jpg
1490993848547430000,1368,1096,camera,camera/1490993848547432690.jpg
1490993848589120000,1368,1096,camera,camera/1490993848589124974.jpg
1490993848630700000,1368,1096,camera,camera/1490993848630704839.jpg
1490993848672360000,1368,1096,camera,camera/1490993848672361013.jpg
1490993848714030000,1368,1096,camera,camera/1490993848714034165.jpg
1490993848755760000,1368,1096,camera,camera/1490993848755755125.jpg
1490993848797330000,1368,1096,camera,camera/1490993848797327727.jpg
1490993848839030000,1368,1096,camera,camera/1490993848839028722.jpg
1490993848880760000,1368,1096,camera,camera/1490993848880761645.jpg
1490993848922300000,1368,1096,camera,camera/1490993848922300328.jpg
1490993848964050000,1368,1096,camera,camera/1490993848964053158.jpg
1490993849005710000,1368,1096,camera,camera/1490993849005709390.jpg
1490993849047320000,1368,1096,camera,camera/1490993849047321810.jpg
1490993849091450000,1368,1096,camera,camera/1490993849091446685.jpg
1490993849130750000,1368,1096,camera,camera/1490993849130754106.jpg
1490993849172420000,1368,1096,camera,camera/1490993849172420728.jpg
1490993849213980000,1368,1096,camera,camera/1490993849213977475.jpg
1490993849255760000,1368,1096,camera,camera/1490993849255764587.jpg
1490993849299760000,1368,1096,camera,camera/1490993849299755313.jpg
1490993849339020000,1368,1096,camera,camera/1490993849339020062.jpg
1490993849380720000,1368,1096,camera,camera/1490993849380719300.jpg
1490993849422380000,1368,1096,camera,camera/1490993849422380580.jpg
1490993849464000000,1368,1096,camera,camera/1490993849463994926.jpg
1490993849508090000,1368,1096,camera,camera/1490993849508085207.jpg
1490993849547440000,1368,1096,camera,camera/1490993849547442942.jpg
1490993849589060000,1368,1096,camera,camera/1490993849589062802.jpg
1490993849630740000,1368,1096,camera,camera/1490993849630742244.jpg
1490993849672430000,1368,1096,camera,camera/1490993849672433408.jpg
1490993849719230000,1368,1096,camera,camera/1490993849719226165.jpg
1490993849755690000,1368,1096,camera,camera/1490993849755692829.jpg
1490993849797300000,1368,1096,camera,camera/1490993849797301651.jpg
1490993849839030000,1368,1096,camera,camera/1490993849839034644.jpg
1490993849880680000,1368,1096,camera,camera/1490993849880676320.jpg
1490993849924910000,1368,1096,camera,camera/1490993849924907931.jpg
1490993849964030000,1368,1096,camera,camera/1490993849964028096.jpg
1490993850005640000,1368,1096,camera,camera/1490993850005637365.jpg
1490993850047370000,1368,1096,camera,camera/1490993850047373824.jpg
1490993850089020000,1368,1096,camera,camera/1490993850089016556.jpg
1490993850133110000,1368,1096,camera,camera/1490993850133113422.jpg
1490993850172290000,1368,1096,camera,camera/1490993850172289616.jpg
1490993850214040000,1368,1096,camera,camera/1490993850214042193.jpg
1490993850255640000,1368,1096,camera,camera/1490993850255642140.jpg
1490993850297330000,1368,1096,camera,camera/1490993850297326947.jpg
1490993850341460000,1368,1096,camera,camera/1490993850341463440.jpg
1490993850380750000,1368,1096,camera,camera/1490993850380752937.jpg
1490993850422300000,1368,1096,camera,camera/1490993850422299638.jpg
1490993850463990000,1368,1096,camera,camera/1490993850463992124.jpg
1490993850505700000,1368,1096,camera,camera/1490993850505700549.jpg
1490993850549860000,1368,1096,camera,camera/1490993850549856029.jpg
1490993850589140000,1368,1096,camera,camera/1490993850589140285.jpg
1490993850630820000,1368,1096,camera,camera/1490993850630816545.jpg
1490993850672460000,1368,1096,camera,camera/1490993850672458725.jpg
1490993850714060000,1368,1096,camera,camera/1490993850714062840.jpg
1490993850758100000,1368,1096,camera,camera/1490993850758096566.jpg
1490993850797370000,1368,1096,camera,camera/1490993850797374581.jpg
1490993850839040000,1368,1096,camera,camera/1490993850839043725.jpg
1490993850880690000,1368,1096,camera,camera/1490993850880694653.jpg
1490993850922340000,1368,1096,camera,camera/1490993850922339086.jpg
1490993850966430000,1368,1096,camera,camera/1490993850966424797.jpg
1490993851005710000,1368,1096,camera,camera/1490993851005710807.jpg
1490993851047340000,1368,1096,camera,camera/1490993851047337759.jpg
1490993851088960000,1368,1096,camera,camera/1490993851088957063.jpg
1490993851130650000,1368,1096,camera,camera/1490993851130647435.jpg
1490993851174680000,1368,1096,camera,camera/1490993851174683506.jpg
1490993851213990000,1368,1096,camera,camera/1490993851213994389.jpg
1490993851255670000,1368,1096,camera,camera/1490993851255669068.jpg
1490993851297350000,1368,1096,camera,camera/1490993851297353742.jpg
1490993851339030000,1368,1096,camera,camera/1490993851339034170.jpg
1490993851383090000,1368,1096,camera,camera/1490993851383093543.jpg
1490993851422380000,1368,1096,camera,camera/1490993851422381794.jpg
1490993851464060000,1368,1096,camera,camera/1490993851464064870.jpg
1490993851505690000,1368,1096,camera,camera/1490993851505691030.jpg
1490993851547430000,1368,1096,camera,camera/1490993851547425831.jpg
1490993851591420000,1368,1096,camera,camera/1490993851591420691.jpg
1490993851630640000,1368,1096,camera,camera/1490993851630634811.jpg
1490993851672400000,1368,1096,camera,camera/1490993851672404691.jpg
1490993851714090000,1368,1096,camera,camera/1490993851714087770.jpg
1490993851755620000,1368,1096,camera,camera/1490993851755619514.jpg
1490993851802580000,1368,1096,camera,camera/1490993851802582999.jpg
1490993851838990000,1368,1096,camera,camera/1490993851838994086.jpg
1490993851880630000,1368,1096,camera,camera/1490993851880630259.jpg
1490993851922310000,1368,1096,camera,camera/1490993851922314474.jpg
1490993851964050000,1368,1096,camera,camera/1490993851964049773.jpg
1490993852008270000,1368,1096,camera,camera/1490993852008274504.jpg
1490993852047440000,1368,1096,camera,camera/1490993852047436564.jpg
1490993852089050000,1368,1096,camera,camera/1490993852089053253.jpg
1490993852130640000,1368,1096,camera,camera/1490993852130638439.jpg
1490993852172370000,1368,1096,camera,camera/1490993852172366288.jpg
1490993852216340000,1368,1096,camera,camera/1490993852216341946.jpg
1490993852255620000,1368,1096,camera,camera/1490993852255621662.jpg
1490993852297390000,1368,1096,camera,camera/1490993852297385391.jpg
1490993852339130000,1368,1096,camera,camera/1490993852339129524.jpg
1490993852380650000,1368,1096,camera,camera/1490993852380652915.jpg
1490993852424880000,1368,1096,camera,camera/1490993852424879474.jpg
1490993852464110000,1368,1096,camera,camera/1490993852464110202.jpg
1490993852505700000,1368,1096,camera,camera/1490993852505699944.jpg
1490993852547450000,1368,1096,camera,camera/1490993852547454338.jpg
1490993852589120000,1368,1096,camera,camera/1490993852589118077.jpg
1490993852633090000,1368,1096,camera,camera/1490993852633089130.jpg
1490993852672360000,1368,1096,camera,camera/1490993852672358974.jpg
1490993852713970000,1368,1096,camera,camera/1490993852713973396.jpg
1490993852755750000,1368,1096,camera,camera/1490993852755750633.jpg
1490993852797310000,1368,1096,camera,camera/1490993852797313023.jpg
1490993852841460000,1368,1096,camera,camera/1490993852841459010.jpg
1490993852880680000,1368,1096,camera,camera/1490993852880680594.jpg
1490993852922330000,1368,1096,camera,camera/1490993852922331796.jpg
1490993852964000000,1368,1096,camera,camera/1490993852963995255.jpg
1490993853005740000,1368,1096,camera,camera/1490993853005735530.jpg
1490993853049790000,1368,1096,camera,camera/1490993853049788519.jpg
1490993853089020000,1368,1096,camera,camera/1490993853089023514.jpg
1490993853130660000,1368,1096,camera,camera/1490993853130655725.jpg
1490993853172320000,1368,1096,camera,camera/1490993853172320102.jpg
1490993853213970000,1368,1096,camera,camera/1490993853213970577.jpg
1490993853258020000,1368,1096,camera,camera/1490993853258024635.jpg
1490993853297350000,1368,1096,camera,camera/1490993853297351194.jpg
1490993853339040000,1368,1096,camera,camera/1490993853339037131.jpg
1490993853380640000,1368,1096,camera,camera/1490993853380641839.jpg
1490993853422290000,1368,1096,camera,camera/1490993853422291999.jpg
1490993853466400000,1368,1096,camera,camera/1490993853466402884.jpg
1490993853505810000,1368,1096,camera,camera/1490993853505808952.jpg
1490993853547380000,1368,1096,camera,camera/1490993853547377521.jpg
1490993853589130000,1368,1096,camera,camera/1490993853589128683.jpg
1490993853630660000,1368,1096,camera,camera/1490993853630659552.jpg
1490993853674780000,1368,1096,camera,camera/1490993853674776448.jpg
1490993853713970000,1368,1096,camera,camera/1490993853713967626.jpg
1490993853755670000,1368,1096,camera,camera/1490993853755667698.jpg
1490993853797410000,1368,1096,camera,camera/1490993853797406938.jpg
1490993853839040000,1368,1096,camera,camera/1490993853839036842.jpg
1490993853885990000,1368,1096,camera,camera/1490993853885986511.jpg
1490993853922300000,1368,1096,camera,camera/1490993853922295773.jpg
1490993853964020000,1368,1096,camera,camera/1490993853964020420.jpg
1490993854005740000,1368,1096,camera,camera/1490993854005740434.jpg
1490993854047350000,1368,1096,camera,camera/1490993854047350326.jpg
1490993854091590000,1368,1096,camera,camera/1490993854091592878.jpg
1490993854130790000,1368,1096,camera,camera/1490993854130792686.jpg
1490993854172330000,1368,1096,camera,camera/1490993854172325489.jpg
1490993854214000000,1368,1096,camera,camera/1490993854214001093.jpg
1490993854255640000,1368,1096,camera,camera/1490993854255643925.jpg
1490993854299830000,1368,1096,camera,camera/1490993854299827079.jpg
1490993854339170000,1368,1096,camera,camera/1490993854339173700.jpg
1490993854380660000,1368,1096,camera,camera/1490993854380661102.jpg
1490993854422310000,1368,1096,camera,camera/1490993854422308934.jpg
1490993854463980000,1368,1096,camera,camera/1490993854463980116.jpg
1490993854505660000,1368,1096,camera,camera/1490993854505662771.jpg
1490993854547390000,1368,1096,camera,camera/1490993854547394886.jpg
1490993854589050000,1368,1096,camera,camera/1490993854589047560.jpg
1490993854630690000,1368,1096,camera,camera/1490993854630695045.jpg
1490993854672310000,1368,1096,camera,camera/1490993854672313617.jpg
1490993854713980000,1368,1096,camera,camera/1490993854713978649.jpg
1490993854755690000,1368,1096,camera,camera/1490993854755686487.jpg
1490993854797340000,1368,1096,camera,camera/1490993854797342773.jpg
1490993854839020000,1368,1096,camera,camera/1490993854839023071.jpg
1490993854880620000,1368,1096,camera,camera/1490993854880619787.jpg
1490993854922290000,1368,1096,camera,camera/1490993854922286859.jpg
1490993854964050000,1368,1096,camera,camera/1490993854964045888.jpg
1490993855005650000,1368,1096,camera,camera/1490993855005651311.jpg
1490993855047380000,1368,1096,camera,camera/1490993855047383729.jpg
1490993855089060000,1368,1096,camera,camera/1490993855089060876.jpg
1490993855130620000,1368,1096,camera,camera/1490993855130618364.jpg
1490993855172370000,1368,1096,camera,camera/1490993855172367821.jpg
1490993855214020000,1368,1096,camera,camera/1490993855214023974.jpg
1490993855255700000,1368,1096,camera,camera/1490993855255701984.jpg
1490993855297440000,1368,1096,camera,camera/1490993855297436880.jpg
1490993855339180000,1368,1096,camera,camera/1490993855339182539.jpg
1490993855380780000,1368,1096,camera,camera/1490993855380777502.jpg
1490993855422370000,1368,1096,camera,camera/1490993855422367848.jpg
1490993855463990000,1368,1096,camera,camera/1490993855463990871.jpg
1490993855505630000,1368,1096,camera,camera/1490993855505630265.jpg
1490993855547290000,1368,1096,camera,camera/1490993855547292778.jpg
1490993855589090000,1368,1096,camera,camera/1490993855589092760.jpg
1490993855630660000,1368,1096,camera,camera/1490993855630657740.jpg
1490993855672380000,1368,1096,camera,camera/1490993855672379521.jpg
1490993855714050000,1368,1096,camera,camera/1490993855714046443.jpg
1490993855755640000,1368,1096,camera,camera/1490993855755639305.jpg
1490993855797370000,1368,1096,camera,camera/1490993855797374675.jpg
1490993855838950000,1368,1096,camera,camera/1490993855838953589.jpg
1490993855880660000,1368,1096,camera,camera/1490993855880655262.jpg
1490993855922340000,1368,1096,camera,camera/1490993855922336629.jpg
1490993855963970000,1368,1096,camera,camera/1490993855963971079.jpg
1490993856005670000,1368,1096,camera,camera/1490993856005668233.jpg
1490993856047420000,1368,1096,camera,camera/1490993856047420987.jpg
1490993856089060000,1368,1096,camera,camera/1490993856089063165.jpg
1490993856130630000,1368,1096,camera,camera/1490993856130630086.jpg
1490993856172400000,1368,1096,camera,camera/1490993856172400386.jpg
1490993856213980000,1368,1096,camera,camera/1490993856213984432.jpg
1490993856258130000,1368,1096,camera,camera/1490993856258129711.jpg
1490993856297350000,1368,1096,camera,camera/1490993856297350736.jpg
1490993856339030000,1368,1096,camera,camera/1490993856339025167.jpg
1490993856380660000,1368,1096,camera,camera/1490993856380660975.jpg
1490993856422320000,1368,1096,camera,camera/1490993856422316683.jpg
1490993856466450000,1368,1096,camera,camera/1490993856466454822.jpg
1490993856505670000,1368,1096,camera,camera/1490993856505666118.jpg
1490993856547320000,1368,1096,camera,camera/1490993856547316194.jpg
1490993856588950000,1368,1096,camera,camera/1490993856588953435.jpg
1490993856630630000,1368,1096,camera,camera/1490993856630627767.jpg
1490993856674790000,1368,1096,camera,camera/1490993856674792120.jpg
1490993856713960000,1368,1096,camera,camera/1490993856713959456.jpg
1490993856755650000,1368,1096,camera,camera/1490993856755649966.jpg
1490993856797300000,1368,1096,camera,camera/1490993856797303273.jpg
1490993856839000000,1368,1096,camera,camera/1490993856838995839.jpg
1490993856883090000,1368,1096,camera,camera/1490993856883087495.jpg
1490993856922330000,1368,1096,camera,camera/1490993856922333564.jpg
1490993856963990000,1368,1096,camera,camera/1490993856963986633.jpg
1490993857005620000,1368,1096,camera,camera/1490993857005620027.jpg
1490993857047340000,1368,1096,camera,camera/1490993857047339320.jpg
1490993857091410000,1368,1096,camera,camera/1490993857091414970.jpg
1490993857130630000,1368,1096,camera,camera/1490993857130633553.jpg
1490993857172290000,1368,1096,camera,camera/1490993857172286864.jpg
1490993857213960000,1368,1096,camera,camera/1490993857213961562.jpg
1490993857255670000,1368,1096,camera,camera/1490993857255673035.jpg
1490993857299780000,1368,1096,camera,camera/1490993857299776535.jpg
1490993857338950000,1368,1096,camera,camera/1490993857338950661.jpg
1490993857380670000,1368,1096,camera,camera/1490993857380670508.jpg
1490993857422340000,1368,1096,camera,camera/1490993857422337057.jpg
1490993857463960000,1368,1096,camera,camera/1490993857463958029.jpg
1490993857508010000,1368,1096,camera,camera/1490993857508005961.jpg
1490993857547310000,1368,1096,camera,camera/1490993857547308827.jpg
1490993857588960000,1368,1096,camera,camera/1490993857588954712.jpg
1490993857630630000,1368,1096,camera,camera/1490993857630627471.jpg
1490993857672300000,1368,1096,camera,camera/1490993857672299115.jpg
1490993857716550000,1368,1096,camera,camera/1490993857716549512.jpg
1490993857755740000,1368,1096,camera,camera/1490993857755740577.jpg
1490993857797290000,1368,1096,camera,camera/1490993857797294394.jpg
1490993857838960000,1368,1096,camera,camera/1490993857838960895.jpg
1490993857880660000,1368,1096,camera,camera/1490993857880660889.jpg
1490993857924690000,1368,1096,camera,camera/1490993857924694185.jpg
1490993857964020000,1368,1096,camera,camera/1490993857964020603.jpg
1490993858005660000,1368,1096,camera,camera/1490993858005656315.jpg
1490993858047330000,1368,1096,camera,camera/1490993858047330997.jpg
1490993858088950000,1368,1096,camera,camera/1490993858088950356.jpg
1490993858133080000,1368,1096,camera,camera/1490993858133075472.jpg
1490993858172470000,1368,1096,camera,camera/1490993858172473501.jpg
1490993858214040000,1368,1096,camera,camera/1490993858214037131.jpg
1490993858255620000,1368,1096,camera,camera/1490993858255617131.jpg
1490993858297340000,1368,1096,camera,camera/1490993858297341967.jpg
1490993858341520000,1368,1096,camera,camera/1490993858341515551.jpg
1490993858380740000,1368,1096,camera,camera/1490993858380742712.jpg
1490993858422360000,1368,1096,camera,camera/1490993858422357053.jpg
1490993858463980000,1368,1096,camera,camera/1490993858463980160.jpg
1490993858505680000,1368,1096,camera,camera/1490993858505678357.jpg
1490993858549790000,1368,1096,camera,camera/1490993858549790742.jpg
1490993858589030000,1368,1096,camera,camera/1490993858589029408.jpg
1490993858630690000,1368,1096,camera,camera/1490993858630688787.jpg
1490993858672330000,1368,1096,camera,camera/1490993858672327040.jpg
1490993858713970000,1368,1096,camera,camera/1490993858713973775.jpg
1490993858758130000,1368,1096,camera,camera/1490993858758132539.jpg
1490993858797330000,1368,1096,camera,camera/1490993858797330850.jpg
1490993858838950000,1368,1096,camera,camera/1490993858838953288.jpg
1490993858880690000,1368,1096,camera,camera/1490993858880686374.jpg
1490993858922340000,1368,1096,camera,camera/1490993858922336541.jpg
1490993858964100000,1368,1096,camera,camera/1490993858964099368.jpg
1490993859005680000,1368,1096,camera,camera/1490993859005681272.jpg
1490993859047310000,1368,1096,camera,camera/1490993859047307242.jpg
1490993859088970000,1368,1096,camera,camera/1490993859088971353.jpg
1490993859130640000,1368,1096,camera,camera/1490993859130635430.jpg
1490993859172330000,1368,1096,camera,camera/1490993859172324919.jpg
1490993859214000000,1368,1096,camera,camera/1490993859214001147.jpg
1490993859255660000,1368,1096,camera,camera/1490993859255658027.jpg
1490993859297340000,1368,1096,camera,camera/1490993859297344637.jpg
1490993859339020000,1368,1096,camera,camera/1490993859339018174.jpg
1490993859380720000,1368,1096,camera,camera/1490993859380715919.jpg
1490993859422330000,1368,1096,camera,camera/1490993859422325550.jpg
1490993859463980000,1368,1096,camera,camera/1490993859463980695.jpg
1490993859505640000,1368,1096,camera,camera/1490993859505640159.jpg
1490993859547370000,1368,1096,camera,camera/1490993859547374180.jpg
1490993859589010000,1368,1096,camera,camera/1490993859589008095.jpg
1490993859630650000,1368,1096,camera,camera/1490993859630653695.jpg
1490993859672390000,1368,1096,camera,camera/1490993859672395056.jpg
1490993859714020000,1368,1096,camera,camera/1490993859714024291.jpg
1490993859755720000,1368,1096,camera,camera/1490993859755723638.jpg
1490993859797400000,1368,1096,camera,camera/1490993859797395516.jpg
1490993859839080000,1368,1096,camera,camera/1490993859839084908.jpg
1490993859880630000,1368,1096,camera,camera/1490993859880629495.jpg
1490993859922300000,1368,1096,camera,camera/1490993859922304418.jpg
1490993859963990000,1368,1096,camera,camera/1490993859963992847.jpg
1490993860005750000,1368,1096,camera,camera/1490993860005753121.jpg
1490993860047490000,1368,1096,camera,camera/1490993860047486420.jpg
1490993860088980000,1368,1096,camera,camera/1490993860088977009.jpg
1490993860130720000,1368,1096,camera,camera/1490993860130715261.jpg
1490993860172360000,1368,1096,camera,camera/1490993860172357296.jpg
1490993860214020000,1368,1096,camera,camera/1490993860214023227.jpg
1490993860255610000,1368,1096,camera,camera/1490993860255609616.jpg
1490993860297290000,1368,1096,camera,camera/1490993860297293988.jpg
1490993860338960000,1368,1096,camera,camera/1490993860338957716.jpg
1490993860380740000,1368,1096,camera,camera/1490993860380744445.jpg
1490993860422430000,1368,1096,camera,camera/1490993860422427969.jpg
1490993860464170000,1368,1096,camera,camera/1490993860464170504.jpg
1490993860508180000,1368,1096,camera,camera/1490993860508175489.jpg
1490993860547350000,1368,1096,camera,camera/1490993860547354627.jpg
1490993860589060000,1368,1096,camera,camera/1490993860589064143.jpg
1490993860630620000,1368,1096,camera,camera/1490993860630617849.jpg
1490993860672290000,1368,1096,camera,camera/1490993860672291235.jpg
1490993860716500000,1368,1096,camera,camera/1490993860716498444.jpg
1490993860755770000,1368,1096,camera,camera/1490993860755771512.jpg
1490993860797430000,1368,1096,camera,camera/1490993860797427065.jpg
1490993860839160000,1368,1096,camera,camera/1490993860839162277.jpg
1490993860880770000,1368,1096,camera,camera/1490993860880773917.jpg
1490993860924770000,1368,1096,camera,camera/1490993860924774386.jpg
1490993860963980000,1368,1096,camera,camera/1490993860963981815.jpg
1490993861005620000,1368,1096,camera,camera/1490993861005620296.jpg
1490993861047420000,1368,1096,camera,camera/1490993861047424358.jpg
1490993861088990000,1368,1096,camera,camera/1490993861088989285.jpg
1490993861133080000,1368,1096,camera,camera/1490993861133082226.jpg
1490993861172360000,1368,1096,camera,camera/1490993861172359631.jpg
1490993861214010000,1368,1096,camera,camera/1490993861214009327.jpg
1490993861255760000,1368,1096,camera,camera/1490993861255762778.jpg
1490993861297450000,1368,1096,camera,camera/1490993861297449656.jpg
1490993861341460000,1368,1096,camera,camera/1490993861341463737.jpg
1490993861380770000,1368,1096,camera,camera/1490993861380774918.jpg
1490993861422310000,1368,1096,camera,camera/1490993861422307916.jpg
1490993861464060000,1368,1096,camera,camera/1490993861464056749.jpg
1490993861505790000,1368,1096,camera,camera/1490993861505791375.jpg
1490993861547380000,1368,1096,camera,camera/1490993861547382291.jpg
1490993861589090000,1368,1096,camera,camera/1490993861589089180.jpg
1490993861630710000,1368,1096,camera,camera/1490993861630710893.jpg
1490993861672310000,1368,1096,camera,camera/1490993861672313897.jpg
1490993861713980000,1368,1096,camera,camera/1490993861713980358.jpg
1490993861755720000,1368,1096,camera,camera/1490993861755716932.jpg
1490993861797350000,1368,1096,camera,camera/1490993861797346407.jpg
1490993861839010000,1368,1096,camera,camera/1490993861839005768.jpg
1490993861880680000,1368,1096,camera,camera/1490993861880684436.jpg
1490993861922450000,1368,1096,camera,camera/1490993861922449000.jpg
1490993861964100000,1368,1096,camera,camera/1490993861964098436.jpg
1490993862005700000,1368,1096,camera,camera/1490993862005696064.jpg
1490993862047350000,1368,1096,camera,camera/1490993862047350340.jpg
1490993862089020000,1368,1096,camera,camera/1490993862089021440.jpg
1490993862130700000,1368,1096,camera,camera/1490993862130699627.jpg
1490993862172360000,1368,1096,camera,camera/1490993862172357407.jpg
1490993862214040000,1368,1096,camera,camera/1490993862214040631.jpg
1490993862255620000,1368,1096,camera,camera/1490993862255623457.jpg
1490993862297350000,1368,1096,camera,camera/1490993862297355099.jpg
1490993862339090000,1368,1096,camera,camera/1490993862339086050.jpg
1490993862380640000,1368,1096,camera,camera/1490993862380641719.jpg
1490993862422370000,1368,1096,camera,camera/1490993862422372575.jpg
1490993862464080000,1368,1096,camera,camera/1490993862464082886.jpg
1490993862505760000,1368,1096,camera,camera/1490993862505760351.jpg
1490993862547400000,1368,1096,camera,camera/1490993862547404645.jpg
1490993862589010000,1368,1096,camera,camera/1490993862589012269.jpg
1490993862630660000,1368,1096,camera,camera/1490993862630658180.jpg
1490993862672460000,1368,1096,camera,camera/1490993862672455288.jpg
1490993862714010000,1368,1096,camera,camera/1490993862714014614.jpg
1490993862755620000,1368,1096,camera,camera/1490993862755624665.jpg
1490993862797310000,1368,1096,camera,camera/1490993862797310167.jpg
1490993862838950000,1368,1096,camera,camera/1490993862838949955.jpg
1490993862880720000,1368,1096,camera,camera/1490993862880723448.jpg
1490993862922310000,1368,1096,camera,camera/1490993862922305414.jpg
1490993862964070000,1368,1096,camera,camera/1490993862964068735.jpg
1490993863005640000,1368,1096,camera,camera/1490993863005643898.jpg
1490993863047460000,1368,1096,camera,camera/1490993863047459297.jpg
1490993863089080000,1368,1096,camera,camera/1490993863089075570.jpg
1490993863130690000,1368,1096,camera,camera/1490993863130693998.jpg
1490993863172410000,1368,1096,camera,camera/1490993863172411035.jpg
1490993863214040000,1368,1096,camera,camera/1490993863214040133.jpg
1490993863255750000,1368,1096,camera,camera/1490993863255754176.jpg
1490993863299770000,1368,1096,camera,camera/1490993863299774545.jpg
1490993863339000000,1368,1096,camera,camera/1490993863339000356.jpg
1490993863380650000,1368,1096,camera,camera/1490993863380648283.jpg
1490993863422350000,1368,1096,camera,camera/1490993863422350040.jpg
1490993863464000000,1368,1096,camera,camera/1490993863463997971.jpg
1490993863505610000,1368,1096,camera,camera/1490993863505607714.jpg
1490993863547300000,1368,1096,camera,camera/1490993863547297550.jpg
1490993863589030000,1368,1096,camera,camera/1490993863589031218.jpg
1490993863630710000,1368,1096,camera,camera/1490993863630708832.jpg
1490993863672320000,1368,1096,camera,camera/1490993863672315893.jpg
1490993863714090000,1368,1096,camera,camera/1490993863714089733.jpg
1490993863755720000,1368,1096,camera,camera/1490993863755723319.jpg
1490993863797300000,1368,1096,camera,camera/1490993863797301261.jpg
1490993863839050000,1368,1096,camera,camera/1490993863839051496.jpg
1490993863880690000,1368,1096,camera,camera/1490993863880686888.jpg
1490993863922280000,1368,1096,camera,camera/1490993863922283734.jpg
1490993863964010000,1368,1096,camera,camera/1490993863964011772.jpg
1490993864005720000,1368,1096,camera,camera/1490993864005723343.jpg
1490993864047370000,1368,1096,camera,camera/1490993864047371736.jpg
1490993864089060000,1368,1096,camera,camera/1490993864089063617.jpg
1490993864130790000,1368,1096,camera,camera/1490993864130787736.jpg
1490993864172410000,1368,1096,camera,camera/1490993864172414461.jpg
1490993864214030000,1368,1096,camera,camera/1490993864214030522.jpg
1490993864255640000,1368,1096,camera,camera/1490993864255641106.jpg
1490993864297280000,1368,1096,camera,camera/1490993864297283040.jpg
1490993864339010000,1368,1096,camera,camera/1490993864339006100.jpg
1490993864380690000,1368,1096,camera,camera/1490993864380689181.jpg
1490993864422330000,1368,1096,camera,camera/1490993864422325935.jpg
1490993864464010000,1368,1096,camera,camera/1490993864464010970.jpg
1490993864505690000,1368,1096,camera,camera/1490993864505691893.jpg
1490993864547330000,1368,1096,camera,camera/1490993864547325257.jpg
1490993864588980000,1368,1096,camera,camera/1490993864588979726.jpg
1490993864630630000,1368,1096,camera,camera/1490993864630631751.jpg
1490993864672390000,1368,1096,camera,camera/1490993864672392007.jpg
1490993864713970000,1368,1096,camera,camera/1490993864713968748.jpg
1490993864755670000,1368,1096,camera,camera/1490993864755668331.jpg
1490993864797350000,1368,1096,camera,camera/1490993864797350820.jpg
1490993864838990000,1368,1096,camera,camera/1490993864838992760.jpg
1490993864880640000,1368,1096,camera,camera/1490993864880638874.jpg
1490993864922300000,1368,1096,camera,camera/1490993864922296557.jpg
1490993864964050000,1368,1096,camera,camera/1490993864964046532.jpg
1490993865005690000,1368,1096,camera,camera/1490993865005686699.jpg
1490993865047450000,1368,1096,camera,camera/1490993865047450245.jpg
1490993865088950000,1368,1096,camera,camera/1490993865088948815.jpg
1490993865130630000,1368,1096,camera,camera/1490993865130626038.jpg
1490993865172270000,1368,1096,camera,camera/1490993865172274489.jpg
1490993865213960000,1368,1096,camera,camera/1490993865213957183.jpg
1490993865258170000,1368,1096,camera,camera/1490993865258174886.jpg
1490993865297330000,1368,1096,camera,camera/1490993865297326655.jpg
1490993865339020000,1368,1096,camera,camera/1490993865339016850.jpg
1490993865380690000,1368,1096,camera,camera/1490993865380686967.jpg
1490993865422350000,1368,1096,camera,camera/1490993865422345988.jpg
1490993865466330000,1368,1096,camera,camera/1490993865466332071.jpg
1490993865505650000,1368,1096,camera,camera/1490993865505653365.jpg
1490993865547370000,1368,1096,camera,camera/1490993865547369154.jpg
1490993865589060000,1368,1096,camera,camera/1490993865589056355.jpg
1490993865630680000,1368,1096,camera,camera/1490993865630680585.jpg
1490993865674760000,1368,1096,camera,camera/1490993865674759176.jpg
1490993865713990000,1368,1096,camera,camera/1490993865713988527.jpg
1490993865755800000,1368,1096,camera,camera/1490993865755797316.jpg
1490993865797330000,1368,1096,camera,camera/1490993865797331987.jpg
1490993865839040000,1368,1096,camera,camera/1490993865839039384.jpg
1490993865883130000,1368,1096,camera,camera/1490993865883125335.jpg
1490993865922360000,1368,1096,camera,camera/1490993865922356870.jpg
1490993865964000000,1368,1096,camera,camera/1490993865964001711.jpg
1490993866005620000,1368,1096,camera,camera/1490993866005619978.jpg
1490993866047330000,1368,1096,camera,camera/1490993866047330851.jpg
1490993866091410000,1368,1096,camera,camera/1490993866091405366.jpg
1490993866130660000,1368,1096,camera,camera/1490993866130663592.jpg
1490993866172450000,1368,1096,camera,camera/1490993866172454979.jpg
1490993866214010000,1368,1096,camera,camera/1490993866214013596.jpg
1490993866255740000,1368,1096,camera,camera/1490993866255737048.jpg
1490993866302600000,1368,1096,camera,camera/1490993866302598712.jpg
1490993866339020000,1368,1096,camera,camera/1490993866339022068.jpg
1490993866380760000,1368,1096,camera,camera/1490993866380764198.jpg
1490993866422290000,1368,1096,camera,camera/1490993866422291234.jpg
1490993866464000000,1368,1096,camera,camera/1490993866464000912.jpg
1490993866508250000,1368,1096,camera,camera/1490993866508250355.jpg
1490993866547380000,1368,1096,camera,camera/1490993866547378989.jpg
1490993866588970000,1368,1096,camera,camera/1490993866588971971.jpg
1490993866630680000,1368,1096,camera,camera/1490993866630676812.jpg
1490993866672410000,1368,1096,camera,camera/1490993866672409934.jpg
1490993866716440000,1368,1096,camera,camera/1490993866716441853.jpg
1490993866755690000,1368,1096,camera,camera/1490993866755686624.jpg
1490993866797340000,1368,1096,camera,camera/1490993866797343500.jpg
1490993866839000000,1368,1096,camera,camera/1490993866838996835.jpg
1490993866880760000,1368,1096,camera,camera/1490993866880760976.jpg
1490993866922350000,1368,1096,camera,camera/1490993866922349148.jpg
1490993866963950000,1368,1096,camera,camera/1490993866963949786.jpg
1490993867005610000,1368,1096,camera,camera/1490993867005608943.jpg
1490993867047290000,1368,1096,camera,camera/1490993867047291323.jpg
1490993867088990000,1368,1096,camera,camera/1490993867088992212.jpg
1490993867130690000,1368,1096,camera,camera/1490993867130687973.jpg
1490993867172390000,1368,1096,camera,camera/1490993867172390898.jpg
1490993867213950000,1368,1096,camera,camera/1490993867213952535.jpg
1490993867255690000,1368,1096,camera,camera/1490993867255686404.jpg
1490993867297350000,1368,1096,camera,camera/1490993867297345762.jpg
1490993867338960000,1368,1096,camera,camera/1490993867338961055.jpg
1490993867380770000,1368,1096,camera,camera/1490993867380766422.jpg
1490993867422420000,1368,1096,camera,camera/1490993867422416858.jpg
1490993867463980000,1368,1096,camera,camera/1490993867463977436.jpg
1490993867505700000,1368,1096,camera,camera/1490993867505703413.jpg
1490993867547400000,1368,1096,camera,camera/1490993867547402765.jpg
1490993867589010000,1368,1096,camera,camera/1490993867589009833.jpg
1490993867630700000,1368,1096,camera,camera/1490993867630702032.jpg
1490993867672280000,1368,1096,camera,camera/1490993867672281008.jpg
1490993867713960000,1368,1096,camera,camera/1490993867713959116.jpg
1490993867755840000,1368,1096,camera,camera/1490993867755837859.jpg
1490993867797340000,1368,1096,camera,camera/1490993867797339938.jpg
1490993867839180000,1368,1096,camera,camera/1490993867839183396.jpg
1490993867880780000,1368,1096,camera,camera/1490993867880781481.jpg
1490993867922390000,1368,1096,camera,camera/1490993867922385627.jpg
1490993867964010000,1368,1096,camera,camera/1490993867964010616.jpg
1490993868005620000,1368,1096,camera,camera/1490993868005618679.jpg
1490993868047320000,1368,1096,camera,camera/1490993868047320117.jpg
1490993868089050000,1368,1096,camera,camera/1490993868089046360.jpg
1490993868130710000,1368,1096,camera,camera/1490993868130709753.jpg
1490993868172440000,1368,1096,camera,camera/1490993868172442341.jpg
1490993868214080000,1368,1096,camera,camera/1490993868214083851.jpg
1490993868255730000,1368,1096,camera,camera/1490993868255725938.jpg
1490993868297380000,1368,1096,camera,camera/1490993868297379685.jpg
1490993868339160000,1368,1096,camera,camera/1490993868339164654.jpg
1490993868380640000,1368,1096,camera,camera/1490993868380636636.jpg
1490993868422360000,1368,1096,camera,camera/1490993868422360660.jpg
1490993868466470000,1368,1096,camera,camera/1490993868466468124.jpg
1490993868505610000,1368,1096,camera,camera/1490993868505613445.jpg
1490993868547330000,1368,1096,camera,camera/1490993868547329730.jpg
1490993868589180000,1368,1096,camera,camera/1490993868589184410.jpg
1490993868630640000,1368,1096,camera,camera/1490993868630643198.jpg
1490993868674850000,1368,1096,camera,camera/1490993868674848253.jpg
1490993868714090000,1368,1096,camera,camera/1490993868714093253.jpg
1490993868755660000,1368,1096,camera,camera/1490993868755660834.jpg
1490993868797310000,1368,1096,camera,camera/1490993868797307459.jpg
1490993868838990000,1368,1096,camera,camera/1490993868838986195.jpg
1490993868880690000,1368,1096,camera,camera/1490993868880688665.jpg
1490993868922470000,1368,1096,camera,camera/1490993868922467245.jpg
1490993868964220000,1368,1096,camera,camera/1490993868964215288.jpg
1490993869005670000,1368,1096,camera,camera/1490993869005666777.jpg
1490993869047320000,1368,1096,camera,camera/1490993869047320498.jpg
1490993869088960000,1368,1096,camera,camera/1490993869088959466.jpg
1490993869130620000,1368,1096,camera,camera/1490993869130620939.jpg
1490993869172300000,1368,1096,camera,camera/1490993869172296327.jpg
1490993869214050000,1368,1096,camera,camera/1490993869214045619.jpg
1490993869255700000,1368,1096,camera,camera/1490993869255697732.jpg
1490993869297330000,1368,1096,camera,camera/1490993869297327413.jpg
1490993869339020000,1368,1096,camera,camera/1490993869339015450.jpg
1490993869380660000,1368,1096,camera,camera/1490993869380656779.jpg
1490993869422350000,1368,1096,camera,camera/1490993869422348605.jpg
1490993869464030000,1368,1096,camera,camera/1490993869464027299.jpg
1490993869505660000,1368,1096,camera,camera/1490993869505659158.jpg
1490993869547300000,1368,1096,camera,camera/1490993869547304098.jpg
1490993869589100000,1368,1096,camera,camera/1490993869589099184.jpg
1490993869630680000,1368,1096,camera,camera/1490993869630683231.jpg
1490993869672300000,1368,1096,camera,camera/1490993869672303109.jpg
1490993869714020000,1368,1096,camera,camera/1490993869714017044.jpg
1490993869755690000,1368,1096,camera,camera/1490993869755694225.jpg
1490993869797350000,1368,1096,camera,camera/1490993869797354429.jpg
1490993869838980000,1368,1096,camera,camera/1490993869838980648.jpg
1490993869880790000,1368,1096,camera,camera/1490993869880791203.jpg
1490993869922330000,1368,1096,camera,camera/1490993869922327357.jpg
1490993869963980000,1368,1096,camera,camera/1490993869963979054.jpg
